{"resourceType":"ValueSet","id":"HIV.D.DE519","meta":{"profile":["http://hl7.org/fhir/uv/crmi/StructureDefinition/crmi-shareablevalueset","http://hl7.org/fhir/uv/crmi/StructureDefinition/crmi-publishablevalueset","http://hl7.org/fhir/uv/crmi/StructureDefinition/crmi-computablevalueset"]},"text":{"status":"extensions","div":"<div xmlns=\"http://www.w3.org/1999/xhtml\"><p class=\"res-header-id\"><b>Generated Narrative: ValueSet HIV.D.DE519</b></p><a name=\"HIV.D.DE519\"> </a><a name=\"hcHIV.D.DE519\"> </a><div style=\"display: inline-block; background-color: #d9e0e7; padding: 6px; margin: 4px; border: 1px solid #8da1b4; border-radius: 5px; line-height: 60%\"><p style=\"margin-bottom: 0px\"/><p style=\"margin-bottom: 0px\">Profiles: <a href=\"http://hl7.org/fhir/uv/crmi/STU1/StructureDefinition-crmi-shareablevalueset.html\">CRMI Shareable ValueSet</a>, <a href=\"http://hl7.org/fhir/uv/crmi/STU1/StructureDefinition-crmi-publishablevalueset.html\">CRMI Publishable ValueSet</a>, <a href=\"http://hl7.org/fhir/uv/crmi/STU1/StructureDefinition-crmi-computablevalueset.html\">CRMI Computable ValueSet</a></p></div><ul><li>Include these codes as defined in <a href=\"CodeSystem-HIVConcepts.html\"><code>http://smart.who.int/hiv/CodeSystem/HIVConcepts</code></a><table class=\"none\"><tr><td style=\"white-space:nowrap\"><b>Code</b></td><td><b>Display</b></td><td><b>Definition</b></td></tr><tr><td><a href=\"CodeSystem-HIVConcepts.html#HIVConcepts-HIV.46D.46DE520\">HIV.D.DE520</a></td><td>Mental health services</td><td>Offer or refer for mental health services</td></tr><tr><td><a href=\"CodeSystem-HIVConcepts.html#HIVConcepts-HIV.46D.46DE521\">HIV.D.DE521</a></td><td>Psychosocial counselling, support and treatment adherence counselling</td><td>Offer or refer for psychosocial counselling, support and treatment adherence counselling</td></tr><tr><td><a href=\"CodeSystem-HIVConcepts.html#HIVConcepts-HIV.46D.46DE522\">HIV.D.DE522</a></td><td>Legal and social services</td><td>Offer or refer for legal and social services</td></tr><tr><td><a href=\"CodeSystem-HIVConcepts.html#HIVConcepts-HIV.46D.46DE523\">HIV.D.DE523</a></td><td>Services for responding to violence against women</td><td>Offer or refer for services for responding to violence against women, including first-line support and psychosocial support, post-rape care and other support services including shelters, legal services and women and child protection services</td></tr></table></li></ul></div>"},"url":"http://smart.who.int/hiv/ValueSet/HIV.D.DE519","version":"1.0.0","name":"HIVDDE519","title":"Other support services ValueSet","status":"active","experimental":true,"date":"2025-07-07T09:18:46+00:00","publisher":"WHO","contact":[{"name":"WHO","telecom":[{"system":"url","value":"http://who.int"}]}],"description":"Value set of offer or refer for other support services","compose":{"include":[{"system":"http://smart.who.int/hiv/CodeSystem/HIVConcepts","concept":[{"code":"HIV.D.DE520","display":"Mental health services"},{"code":"HIV.D.DE521","display":"Psychosocial counselling, support and treatment adherence counselling"},{"code":"HIV.D.DE522","display":"Legal and social services"},{"code":"HIV.D.DE523","display":"Services for responding to violence against women"}]}]}}