{"resourceType":"Measure","id":"HIVIND33","meta":{"profile":["http://hl7.org/fhir/us/cqfmeasures/StructureDefinition/proportion-measure-cqfm","http://hl7.org/fhir/uv/crmi/StructureDefinition/crmi-shareablemeasure","http://hl7.org/fhir/uv/crmi/StructureDefinition/crmi-publishablemeasure"]},"extension":[{"url":"http://hl7.org/fhir/us/cqfmeasures/StructureDefinition/cqfm-populationBasis","valueCode":"boolean"}],"url":"http://smart.who.int/hiv/Measure/HIVIND33","version":"0.4.3","name":"HIVIND33","title":"HIV.IND.33 Early viral load testing (at six months)","status":"draft","experimental":true,"date":"2024-08-18","publisher":"WHO","contact":[{"name":"WHO","telecom":[{"system":"url","value":"http://who.int"}]}],"description":"Number and % of people living with HIV on ART who had a viral load result reviewed by six months after initiation of ART","library":["http://smart.who.int/hiv/Library/HIVIND33Logic"],"scoring":{"coding":[{"system":"http://terminology.hl7.org/CodeSystem/measure-scoring","code":"proportion","display":"Proportion"}]},"group":[{"population":[{"id":"HIV.IND.33.IP","code":{"coding":[{"system":"http://terminology.hl7.org/CodeSystem/measure-population","code":"initial-population","display":"Initial Population"}]},"description":"Initial Population","criteria":{"language":"text/cql-identifier","expression":"Initial Population"}},{"id":"HIV.IND.33.DEN","code":{"coding":[{"system":"http://terminology.hl7.org/CodeSystem/measure-population","code":"denominator","display":"Denominator"}]},"description":"Number of people living with HIV on ART eligible for VL monitoring at six months after initiation of ART during the reporting period","criteria":{"language":"text/cql-identifier","expression":"Denominator"}},{"id":"HIV.IND.33.NUM","code":{"coding":[{"system":"http://terminology.hl7.org/CodeSystem/measure-population","code":"numerator","display":"Numerator"}]},"description":"Number of people living with HIV on ART who were eligible for VL monitoring at six months after initiation of ART during the reporting period and who had a VL test performed and result reviewed by six months after ART initiation","criteria":{"language":"text/cql-identifier","expression":"Numerator"}}],"stratifier":[{"id":"HIV.IND.33.S","criteria":{"language":"text/cql-identifier","expression":"Stratification"}}]}]}